class,precision,recall,f1,support
cardboard,0.8181818181818182,0.7941176470588235,0.8059701492537314,34
glass,0.7872340425531915,0.7254901960784313,0.7551020408163265,51
metal,0.8823529411764706,0.7317073170731707,0.8,41
paper,0.8387096774193549,0.8524590163934426,0.8455284552845529,61
plastic,0.7058823529411765,0.8,0.7500000000000001,45
trash,0.5454545454545454,0.7058823529411765,0.6153846153846153,17
