class,precision,recall,f1,support
cardboard,0.6136363636363636,0.7941176470588235,0.6923076923076923,34
glass,0.6176470588235294,0.44680851063829785,0.5185185185185186,47
metal,0.7575757575757576,0.5952380952380952,0.6666666666666667,42
paper,0.49019607843137253,0.8333333333333334,0.6172839506172839,60
plastic,0.6666666666666666,0.48,0.5581395348837209,50
trash,0.0,0.0,0.0,16
