Modelo,Acurácia
MobileNetV2 TL,0.8192771077156067
CNN Baseline,0.5622490048408508
