Modelo,Acurácia
MobileNetV2 TL,0.7871485948562622
CNN Baseline,0.5783132314682007
