class,precision,recall,f1,support
cardboard,0.7586206896551724,0.6111111111111112,0.676923076923077,36
glass,0.21428571428571427,0.06382978723404255,0.0983606557377049,47
metal,0.75,0.125,0.21428571428571427,48
paper,0.8571428571428571,0.29508196721311475,0.43902439024390244,61
plastic,0.2558139534883721,0.8918918918918919,0.39759036144578314,37
trash,0.3333333333333333,0.8,0.47058823529411764,20
