class,precision,recall,f1,support
cardboard,0.5428571428571428,0.6333333333333333,0.5846153846153846,30
glass,0.0,0.0,0.0,56
metal,0.6,0.061224489795918366,0.1111111111111111,49
paper,1.0,0.038461538461538464,0.07407407407407407,52
plastic,0.29411764705882354,0.7954545454545454,0.42944785276073616,44
trash,0.13636363636363635,0.6666666666666666,0.22641509433962262,18
