class,precision,recall,f1,support
cardboard,0.875,0.7777777777777778,0.823529411764706,36
glass,0.8648648648648649,0.6808510638297872,0.7619047619047619,47
metal,0.825,0.7333333333333333,0.776470588235294,45
paper,0.8571428571428571,0.8709677419354839,0.864,62
plastic,0.5441176470588235,0.9024390243902439,0.6788990825688074,41
trash,0.7777777777777778,0.3888888888888889,0.5185185185185185,18
