Modelo,Acurácia
MobileNetV2 TL,0.7510040402412415
CNN Baseline,0.3855421543121338
