accuracy,loss,val_accuracy,val_loss
0.7121661901473999,0.7822273969650269,0.78515625,0.6129446029663086
0.8763600587844849,0.3866385221481323,0.703125,0.766395092010498
0.9238377809524536,0.24287348985671997,0.66796875,0.9456261396408081
0.9564787149429321,0.1551533043384552,0.63671875,0.9910057783126831
