accuracy,loss,val_accuracy,val_loss
0.243817999958992,1.9090203046798706,0.34375,1.6277302503585815
0.42680513858795166,1.44350266456604,0.484375,1.3103795051574707
0.5365974307060242,1.2305073738098145,0.5390625,1.1855769157409668
0.6023738980293274,1.0744762420654297,0.6328125,1.030277132987976
0.6285855770111084,0.9913779497146606,0.6484375,1.004874587059021
0.6567754745483398,0.9096763134002686,0.6640625,0.9399861693382263
0.6622156500816345,0.8943176865577698,0.71875,0.8437689542770386
0.6864490509033203,0.8292221426963806,0.703125,0.8636247515678406
