accuracy,loss,val_accuracy,val_loss
0.6864490509033203,0.8413628339767456,0.6796875,0.9227105379104614
0.835806131362915,0.4577445983886719,0.6875,0.9897947907447815
0.8971315622329712,0.291414350271225,0.69140625,0.9275838136672974
0.9169139266014099,0.24875201284885406,0.78515625,0.6229147911071777
0.9426310658454895,0.17692600190639496,0.7734375,0.6668819189071655
0.9638971090316772,0.12029057741165161,0.8046875,0.625214159488678
0.9698318243026733,0.1053612157702446,0.734375,0.9503572583198547
